{"C":{"bar":1.2693327684,"foo":-0.3241414175},"D":{"bar":-1.7009063695,"foo":-4.0312548606}}